,pr_gene_symbol,coefficient
5720,PSME1,0.025648679873966074
466,ATF1,-0.010949511603718683
6009,RHEB,-0.00044898477247438706
2309,FOXO3,-0.005829070900948579
387,RHOA,0.011504845972605107
3553,IL1B,-0.029078725148372727
427,ASAH1,-0.01815798794479133
5898,RALA,0.008623836659746519
23365,ARHGEF12,-0.009261177797729338
6657,SOX2,-0.013564057098743627
5054,SERPINE1,0.016534016550517536
3108,HLA-DMA,-0.005413805634485468
1950,EGF,-0.0009366772984792645
351,APP,-0.006630282172536483
4846,NOS3,0.0010917094852815293
1452,CSNK1A1,-0.020645882887245986
4776,NFATC4,-0.01306248283922678
6908,TBP,0.005684713133362139
672,BRCA1,0.008942993814472614
5710,PSMD4,-0.00222505758416477
2115,ETV1,-0.004764634185804044
7015,TERT,-0.004684948695703519
8726,EED,-0.021027948388390224
2185,PTK2B,0.005683422737129564
3315,HSPB1,0.023751357950696217
5289,PIK3C3,0.010378823223520987
868,CBLB,-0.028365148633337774
1677,DFFB,-0.000729566178336097
7043,TGFB3,-0.004027048216022843
5613,PRKX,0.008129231682671057
595,CCND1,0.004481146225421447
4793,NFKBIB,-0.011262355816615085
2736,GLI2,-0.007265742220702707
5290,PIK3CA,-0.002965493972620282
6194,RPS6,-0.011744317244781751
1676,DFFA,-0.0028624215575707205
23512,SUZ12,-0.008972704926328057
148022,TICAM1,-0.008595896559376143
1906,EDN1,-0.006060583270555302
8878,SQSTM1,-0.018286520801749064
3091,HIF1A,-0.008223659208030091
5743,PTGS2,0.01179255249354765
5321,PLA2G4A,0.0026077026765484873
4144,MAT2A,0.003504828575182607
1981,EIF4G1,0.011911119913169638
695,BTK,0.009641864764273258
10398,MYL9,-0.008816696574305493
5708,PSMD2,0.007922646963912946
1213,CLTC,-0.006122429127681492
226,ALDOA,0.0005343765270654304
6777,STAT5B,-0.009625487628002435
2113,ETS1,0.03231071666169176
3329,HSPD1,8.748650496417621e-05
1050,CEBPA,0.0015270989593276
9491,PSMF1,0.005902080433918441
22926,ATF6,0.020547953070966445
5899,RALB,-0.019502581387465266
5467,PPARD,0.010431929186006952
6774,STAT3,0.0017411838343639936
1788,DNMT3A,0.003966375116161563
5921,RASA1,0.026933955787155465
5721,PSME2,0.0001316621350656375
2263,FGFR2,-0.016059101033817084
808,CALM3,0.0034964963534472515
30001,ERO1A,0.02138450702686674
348,APOE,0.009098719930606994
30849,PIK3R4,0.013214081229427146
1454,CSNK1E,-0.015124380296490629
6500,SKP1,-0.00621192187538038
5627,PROS1,-0.036816233394926866
5715,PSMD9,-0.021801596587393106
4791,NFKB2,0.0021462170231318213
56924,PAK6,0.011080912487810691
2690,GHR,-0.0019390724899185383
1019,CDK4,0.020348734332124044
51422,PRKAG2,0.008854760762213774
5788,PTPRC,0.005966555266004294
6709,SPTAN1,-0.03508125199197236
1277,COL1A1,-0.0009126468368458132
993,CDC25A,0.026804675257494633
7157,TP53,-0.03491397834922144
1958,EGR1,-0.006741497778388326
4582,MUC1,-0.0018776533851302866
9212,AURKB,0.0071656633308966105
8440,NCK2,0.011541016414432594
6790,AURKA,0.013039311072068497
8851,CDK5R1,-0.0076037571177586544
2534,FYN,0.0026367188409371625
4893,NRAS,0.013627899687896853
665,BNIP3L,0.00937876144521333
4313,MMP2,0.003079753944420051
1022,CDK7,-0.007560277843315262
5880,RAC2,-0.0065225407924344786
3162,HMOX1,-0.03093757812800174
1282,COL4A1,0.029556099331396406
3383,ICAM1,-0.014518727225432574
727,C5,0.00997781153596032
4792,NFKBIA,0.012474651939858862
4794,NFKBIE,0.014021671904933943
902,CCNH,0.014609711325443659
8091,HMGA2,0.018271826203983873
3486,IGFBP3,0.055019288473717634
10818,FRS2,0.003764126568486178
3454,IFNAR1,-0.02603722527689607
4282,MIF,-0.00041743539940902144
1605,DAG1,-0.01640567755531071
10644,IGF2BP2,0.027789464619380193
2065,ERBB3,-0.0012243195852470557
8321,FZD1,-0.024723666735605852
8503,PIK3R3,-0.025589234625625953
7027,TFDP1,0.01274745629370513
6850,SYK,-0.006335865983049546
1978,EIF4EBP1,-0.003778347749059415
896,CCND3,0.005520531322878227
5777,PTPN6,-0.000846805567609527
1846,DUSP4,-0.00910173397881768
5925,RB1,0.007709954982942811
142,PARP1,-0.011212630169836119
1021,CDK6,0.012331083220412452
5699,PSMB10,0.004255131267675837
8061,FOSL1,-0.044121609541312765
1870,E2F2,-0.0028586505156629797
1398,CRK,0.009143702382381885
3312,HSPA8,-0.001449129476650888
891,CCNB1,-0.010994664532892749
4775,NFATC3,-0.0013497561635070676
5111,PCNA,0.024061637045530035
5696,PSMB8,0.0035428375702409366
5588,PRKCQ,-0.002408055865358558
6839,SUV39H1,-0.0029368880031991388
329,BIRC2,-0.014851237486784444
5058,PAK1,0.0008781028549527334
998,CDC42,0.02203707828249532
9134,CCNE2,0.004804498921616929
6616,SNAP25,0.007991920836831593
5223,PGAM1,0.02186130547178444
4690,NCK1,-0.013022938959934349
958,CD40,0.015173420262390935
1616,DAXX,-0.020238841133631582
991,CDC20,0.010251253439087766
6347,CCL2,-0.005575595011152837
6714,SRC,-0.01460040365618891
652,BMP4,0.005181269497570212
4331,MNAT1,0.013402645222110786
7099,TLR4,0.0022526085263747165
10320,IKZF1,-0.00429621687785432
2042,EPHA3,0.009095064743164663
843,CASP10,-0.008545328382781454
840,CASP7,-0.005430792042295394
7048,TGFBR2,-0.020598955481525433
4851,NOTCH1,-0.011638131966499574
6464,SHC1,0.004931559055735209
23410,SIRT3,0.008541510035916754
54205,CYCS,0.010881629399426468
2770,GNAI1,-0.012012571951218562
80204,FBXO11,-0.0010551760871263742
4208,MEF2C,0.009303660174989185
1845,DUSP3,0.022733310213514362
23368,PPP1R13B,0.005312336035223908
5583,PRKCH,-0.006320832661192097
8900,CCNA1,-0.005275597267213294
581,BAX,0.006396819623475468
6193,RPS5,0.00010895952800349558
6622,SNCA,-0.022967054134425773
11261,CHP1,0.002010682025800964
6696,SPP1,0.01092631491307447
8312,AXIN1,-0.0021146894714582937
835,CASP2,-0.003971017429200673
8324,FZD7,0.011736760296264545
1848,DUSP6,-0.006149498440817788
154,ADRB2,0.0035367904417616287
4312,MMP1,-0.002875699382505422
994,CDC25B,-0.01245944016705749
2048,EPHB2,0.02486616200482389
1111,CHEK1,-0.012306137076814806
5154,PDGFA,-0.0013223631988006938
2920,CXCL2,-0.02215037407283898
3122,HLA-DRA,-0.003765028927847787
2769,GNA15,0.018662547007611125
5900,RALGDS,-0.006674564810705904
6304,SATB1,0.0028211141182928343
5211,PFKL,0.012039205415625026
2886,GRB7,-0.005468178052515059
9261,MAPKAPK2,-0.019814636574519366
8569,MKNK1,-0.0027748273468027156
3303,HSPA1A,0.0072682031830570044
5331,PLCB3,0.003702185024396731
5347,PLK1,0.00672371325816513
4638,MYLK,0.010106239822046692
2264,FGFR4,0.020168129754285363
1029,CDKN2A,-0.004480779846719053
1027,CDKN1B,-0.007320570136369416
2597,GAPDH,-0.004361273902387611
55847,CISD1,-0.01933098551510017
25803,SPDEF,0.07596077462449302
3480,IGF1R,0.039484242480967505
2946,GSTM2,0.016340825037807784
9517,SPTLC2,0.003817078704584886
25987,TSKU,-0.00582289580142968
23670,TMEM2,-0.011113952113018069
11182,SLC2A6,0.013800181879202896
2146,EZH2,0.03173888257013536
3385,ICAM3,0.0016487135336083656
5261,PHKG2,0.00379630622791722
10765,KDM5B,0.01695084183218858
25839,COG4,0.005291356197739253
4172,MCM3,0.003277795682207759
23161,SNX13,0.005863615181925741
10298,PAK4,-0.024319377842303546
1802,DPH2,-0.009364113547849467
58533,SNX6,0.013531616827721927
147179,WIPF2,0.0080079744754293
29937,NENF,-0.011024925903947788
6184,RPN1,-0.0064394875111714114
9854,C2CD2L,-0.0022524977780806832
2553,GABPB1,-0.022269242120705055
5440,POLR2K,-0.023461590742155775
54623,PAF1,0.008228224468908633
9533,POLR1C,-0.030059909861530187
8607,RUVBL1,-0.005359562685073829
207,AKT1,0.020626479721931393
26054,SENP6,-0.021883746630240855
10682,EBP,0.015638077500037376
8573,CASK,-0.01841614263760721
23378,RRP8,0.014168001632265267
8553,BHLHE40,0.01546610698343795
622,BDH1,0.019200653308201948
9467,SH3BP5,-0.010844295593729533
5525,PPP2R5A,-0.027831750188682676
256364,EML3,-0.003940567638852076
332,BIRC5,0.0033440721582910734
2058,EPRS,-0.006845527995271876
7849,PAX8,0.01901810364060358
23244,PDS5A,-0.0022979363338671384
7494,XBP1,0.014111608647879192
4836,NMT1,-0.007747980012674056
23647,ARFIP2,0.002528380366177008
10617,STAMBP,-0.011746890285121202
2184,FAH,-0.006244848298898612
5355,PLP2,-0.0008413826140147967
6659,SOX4,-0.050093078308290684
7016,TESK1,0.024250315959020944
90861,HN1L,0.010947591013580055
10670,RRAGA,0.018705164035146986
79071,ELOVL6,0.0508900699281229
64746,ACBD3,-0.013263397311682948
5366,PMAIP1,-0.021274225252856688
11344,TWF2,0.013749071876848503
10013,HDAC6,-0.03426573367636795
5829,PXN,-0.016385071796539034
5257,PHKB,-0.00248470560805
22794,CASC3,-0.013043689445577808
9761,MLEC,0.011447338429304166
23326,USP22,0.01905082774163481
10972,TMED10,-0.03008920790530674
10523,CHERP,-0.017285885686280984
79090,TRAPPC6A,-0.03604275651381502
27032,ATP2C1,-0.007993367711391303
9097,USP14,-0.01065077032384865
10513,APPBP2,-0.003186408768447039
1891,ECH1,-0.010801099624319915
3066,HDAC2,0.00020354803367799413
9801,MRPL19,0.0020791831063037202
1459,CSNK2A2,0.007924389954151909
9703,KIAA0100,0.030597088140846912
10606,PAICS,-0.010852171451146461
1017,CDK2,0.02169710717609766
9813,EFCAB14,0.005909309482894603
7485,WRB,-0.008539842984825836
2109,ETFB,-0.008349297653658262
23271,CAMSAP2,0.004604838848660017
9915,ARNT2,-0.013715224489466405
9552,SPAG7,-0.030075193706572332
93487,MAPK1IP1L,-0.0031727714963858604
2956,MSH6,0.00509485582501894
11065,UBE2C,0.02738528060040467
9653,HS2ST1,0.022092333267975956
200081,TXLNA,-0.010539600843447561
3337,DNAJB1,0.0060073919785253735
11073,TOPBP1,0.02486715583335745
23,ABCF1,-0.01950196823010511
5641,LGMN,0.011281280520231562
8720,MBTPS1,0.023870659951762088
10782,ZNF274,-0.0008031838444189569
25932,CLIC4,0.0014471108177678714
3028,HSD17B10,0.019022685448197522
6804,STX1A,0.006205270316744495
890,CCNA2,0.070479958330468
6390,SDHB,0.0016943737742417552
4303,FOXO4,-0.0014377167599977834
10953,TOMM34,0.010245071631584186
22889,KIAA0907,-0.032703865579807985
3098,HK1,0.013613246514217995
11044,PAPD7,0.017048319516898797
8985,PLOD3,0.012393352030333479
66008,TRAK2,-0.022326403736650225
9217,VAPB,0.008685161492799664
701,BUB1B,-0.011383135461022507
6182,MRPL12,0.006340659491898653
4860,PNP,0.025120319259851375
7398,USP1,-0.01468250455933231
6117,RPA1,-0.02782446447620605
23588,KLHDC2,0.008414221787586195
949,SCARB1,-0.0019730102945886515
7168,TPM1,-6.312635055671426e-05
9375,TM9SF2,-0.02832832651252105
4927,NUP88,0.023863954563200025
2523,FUT1,-0.01744247179571181
58497,PRUNE,0.006710351468626876
6856,SYPL1,-0.0004346936772308423
26036,ZNF451,-0.04628667695959994
10206,TRIM13,0.001848667656200484
25793,FBXO7,-0.013759242468162642
55556,ENOSF1,0.0265142929879565
3978,LIG1,0.009099397929509033
10681,GNB5,-0.00628350732156011
3638,INSIG1,0.01957398706669617
8349,HIST2H2BE,-0.017042571514938907
6275,S100A4,-0.0009439055485414618
3895,KTN1,-0.009695137397770871
392,ARHGAP1,-0.019056907469082927
9170,LPAR2,-0.012789438697846014
80347,COASY,0.026854329386451527
23300,ATMIN,0.009152573065747037
836,CASP3,0.0019407727945442352
11188,NISCH,-0.013525292011368541
10898,CPSF4,-0.030547351004329152
9276,COPB2,-0.00040171454087167276
1647,GADD45A,-0.05006099049325153
10285,SMNDC1,-0.0454636934770772
23386,NUDCD3,0.012398356419773032
3156,HMGCR,0.022426550238219878
10237,SLC35B1,0.005123253213353395
7077,TIMP2,0.014227314233539337
11157,LSM6,0.015959264239151852
22908,SACM1L,-0.009382439298538992
10915,TCERG1,-0.011499381226085044
9897,KIAA0196,-0.01574689118376483
1759,DNM1,0.021911648297414193
54541,DDIT4,-0.01924737965724175
211,ALAS1,-0.021836321800899616
5048,PAFAH1B1,-0.0060872026215194434
84722,PSRC1,-0.002595822168129978
29890,RBM15B,-0.021827944195964868
9868,TOMM70A,-0.02153379872857539
873,CBR1,0.0460397878883585
5580,PRKCD,0.040993981991887696
3725,JUN,-0.029145684814230854
23585,TMEM50A,-0.0032334600391314377
51097,SCCPDH,0.0022634788864334663
1831,TSC22D3,-0.031686082034579885
7020,TFAP2A,0.03085293733477117
55893,ZNF395,0.0013015030090166126
6944,VPS72,0.011205929297652987
22883,CLSTN1,0.003073140937941873
5601,MAPK9,0.011014220673715049
10775,POP4,-0.013004171419240209
4780,NFE2L2,0.026227238426693195
10904,BLCAP,-0.004788773551502718
9917,FAM20B,0.0153024778600622
1399,CRKL,0.013612090677796037
24149,ZNF318,-0.008397670654354051
2222,FDFT1,-0.015055628981877381
10131,TRAP1,0.019323209857834825
2958,GTF2A2,0.024516654080668117
9650,MTFR1,0.01316035349786824
7319,UBE2A,-0.009277274674393042
4817,NIT1,0.0048483299109934085
9143,SYNGR3,-9.239178532752623e-05
10494,STK25,0.01879450145344776
55324,ABCF3,-0.010375707784178503
23149,FCHO1,-0.0007145947916302554
9943,OXSR1,-0.0345761202852921
6599,SMARCC1,-0.019935298733013435
51031,GLOD4,0.008355653227326582
3566,IL4R,-4.5509739972656386e-05
3815,KIT,-0.000553916324792694
8624,PSMG1,-0.0004079928687737177
27346,TMEM97,0.04510565120363226
10489,LRRC41,0.0013378467863819252
26128,KIF1BP,-0.0016773168753474424
79921,TCEAL4,-0.03407826067949472
55746,NUP133,-0.013532826980156058
23636,NUP62,0.007074648357401435
10892,MALT1,-0.018244963664563296
10652,YKT6,-0.010925613746982948
11004,KIF2C,-0.002881936780363456
23530,NNT,-0.012381876366493988
8826,IQGAP1,0.01915404361240044
3308,HSPA4,-0.0011626492938501705
7153,TOP2A,0.014250519468456471
11041,B4GAT1,0.0035915166515978437
6342,SCP2,-0.015645901323792778
5883,RAD9A,-0.0017046206893582448
10589,DRAP1,-0.03396384240135351
5110,PCMT1,-0.001674902899988236
4609,MYC,0.0026144601546903533
5423,POLB,-0.006534010492960561
1070,CETN3,-0.020699346452043244
10051,SMC4,0.009248519373064545
6603,SMARCD2,-0.01618367778270038
9019,MPZL1,-0.009924802013046696
10969,EBNA1BP2,0.02749523288609014
9797,TATDN2,-0.006496709454065076
4043,LRPAP1,0.008501436591859637
9519,TBPL1,0.007700334531592857
8480,RAE1,-0.0016679503303982527
983,CDK1,-0.01617913053061165
10559,SLC35A1,0.0050293203643879646
8508,NIPSNAP1,0.012700459615634884
9275,BCL7B,0.0017689806535773542
8914,TIMELESS,0.0058048655479423636
54505,DHX29,0.01552751379029504
6919,TCEA2,-0.008349015121445863
2274,FHL2,-0.018020351234270846
2288,FKBP4,-0.016607701096094
7994,KAT6A,0.00803479813438403
4216,MAP3K4,0.013472557681365536
7538,ZFP36,-0.0006828428958132195
3628,INPP1,0.0006287750982102859
2037,EPB41L2,0.016547431929714477
2771,GNAI2,-0.01663471979601624
7264,TSTA3,0.019609199002041146
1786,DNMT1,0.02960875320960566
5873,RAB27A,0.0021232919965732565
780,DDR1,-0.01705779985165233
9926,LPGAT1,0.016417039190750476
8446,DUSP11,-0.0300556819745809
7159,TP53BP2,0.003268889540478122
1026,CDKN1A,-0.02794561308390001
7082,TJP1,0.015012074101561452
10058,ABCB6,0.026123640565642384
10797,MTHFD2,0.013666375418141165
11230,PRAF2,0.0045013726336080835
30836,DNTTIP2,0.006743348241158204
27336,HTATSF1,-0.0022351465916865343
9918,NCAPD2,-0.009453767577227106
79073,TMEM109,0.010369898743188135
9688,NUP93,-0.00853660210250841
23659,PLA2G15,0.019918747932348664
8396,PIP4K2B,-0.00787914301503172
23077,MYCBP2,0.00628618551280979
10857,PGRMC1,-0.0014467183660685846
16,AARS,0.0008452383227169245
2817,GPC1,-0.004319345506196534
60528,ELAC2,-0.008621498712466041
5359,PLSCR1,0.02116543819848374
1514,CTSL,-0.00568985613765786
1509,CTSD,-0.023953328941019845
9181,ARHGEF2,-0.01814823166040338
3611,ILK,0.012415658184001819
4783,NFIL3,3.6142651210477626e-05
10123,ARL4C,0.017593324627855955
8895,CPNE3,-0.0054341676262704055
9805,SCRN1,0.008319247083662048
4125,MAN2B1,-0.00997589475351992
1635,DCTD,-0.02386991850335375
4154,MBNL1,-0.007330375978527123
26292,MYCBP,0.04165317660078699
5770,PTPN1,-0.010967848854076988
25874,MPC2,0.003249305483192885
11319,ECD,0.020465814174604535
1153,CIRBP,-0.0029496120346273673
11098,PRSS23,-0.06044031121881425
8974,P4HA2,-0.02026000783661453
533,ATP6V0B,-0.014606579874944577
823,CAPN1,0.003081406529094322
6812,STXBP1,-0.017908783289414754
3693,ITGB5,0.004205658070296544
4891,SLC11A2,0.005291397909134247
10954,PDIA5,0.016132940430880566
5909,RAP1GAP,-0.008738573710332794
9221,NOLC1,0.020328448472127062
847,CAT,-0.023464742239844526
11072,DUSP14,0.00704891984845023
10221,TRIB1,-0.003916170952670548
7158,TP53BP1,-0.014888087153926822
8678,BECN1,0.001924077357155484
11014,KDELR2,-0.007718033851385345
1994,ELAVL1,0.021953289366304238
3482,IGF2R,-0.005893972137735083
25976,TIPARP,-0.005007113473378765
10491,CRTAP,0.02767404063116652
51053,GMNN,0.024357432823632338
9267,CYTH1,-0.01596029110904274
5547,PRCP,-0.01332715266707927
6597,SMARCA4,0.007279917215197642
5836,PYGL,-0.005202580812942454
6118,RPA2,-0.0028907509507764173
2961,GTF2E2,0.003835121329849329
310,ANXA7,0.0077438483432698746
7296,TXNRD1,-0.007173962792077659
1429,CRYZ,0.047332907096246
2548,GAA,-0.0056687578342110925
6499,SKIV2L,-0.021209044207118728
642,BLMH,0.01996893733251343
23076,RRP1B,-0.030671285092559435
10099,TSPAN3,-0.041058863886785466
9817,KEAP1,0.0007809285683829653
9126,SMC3,0.0005719533725322727
3930,LBR,-0.01723552025765144
10450,PPIE,-0.0036159570174473764
54386,TERF2IP,-0.008496455375053736
664,BNIP3,0.02259571214205679
596,BCL2,-0.03436805418488497
10180,RBM6,-0.02329006577804149
1445,CSK,-0.013984025780416822
230,ALDOC,-0.04697001720362683
9246,UBE2L6,0.0036545078054117477
5092,PCBD1,0.004769673959100387
23463,ICMT,0.024348606292594423
10007,GNPDA1,-0.012568822535840135
4925,NUCB2,0.00287329124572187
6251,RSU1,-0.012009701063583436
5782,PTPN12,-0.0166424230143591
5106,PCK2,-0.01761716018540362
2673,GFPT1,0.002114161907149882
644,BLVRA,0.008589650448674314
6284,S100A13,0.01558002349977052
4605,MYBL2,0.024725230859308448
6810,STX4,-0.023119732093428064
54499,TMCO1,-0.010963038514659209
11007,CCDC85B,-0.028661438503183808
1643,DDB2,-0.012290690238674745
25805,BAMBI,-0.0032869250702693273
3033,HADH,-0.019850810470026112
2745,GLRX,0.016894514847702134
9961,MVP,0.0037755571755698305
3925,STMN1,-0.023525645297448505
2582,GALE,-0.012389774551168036
5792,PTPRF,0.003800525732154739
5236,PGM1,0.028577141259091002
4016,LOXL1,-0.025655075429812213
4651,MYO10,0.0005971754440765321
3988,LIPA,-0.03390357991716575
26227,PHGDH,0.03276194956948288
7982,ST7,-0.013606391510489172
3551,IKBKB,0.008553065747698867
5108,PCM1,-0.013970779354235144
8870,IER3,0.03908381922524432
2195,FAT1,0.00419755137896459
8731,RNMT,0.009839849831280077
1956,EGFR,-0.00886069239368431
10276,NET1,-0.042252784434404445
1666,DECR1,-0.012774705885520692
4864,NPC1,0.027647796599077335
4232,MEST,0.006335343604067766
5050,PAFAH1B3,0.024795219898352056
813,CALU,0.0016718342794067329
3964,LGALS8,0.0004369101400881929
26020,LRP10,0.025450231504118143
481,ATP1B1,0.028399216580595143
5019,OXCT1,0.01657649356834132
291,SLC25A4,-0.023130402714616513
10973,ASCC3,0.024402449087726704
9697,TRAM2,0.02443922740709921
5831,PYCR1,-0.02055231449124508
8202,NCOA3,-0.003493930839892987
57804,POLD4,-0.002369840935834789
5566,PRKACA,0.011804021439976753
57149,LYRM1,-0.010213863110272158
7416,VDAC1,0.005371713283641031
10174,SORBS3,-0.004475035607874871
6676,SPAG4,-0.01617553024707573
8884,SLC5A6,0.033419749562804316
5997,RGS2,0.017216549996825516
57147,SCYL3,0.009457233191597737
6909,TBX2,0.020622700966772402
9093,DNAJA3,-0.012708061733112501
23142,DCUN1D4,-0.005714930064067599
8444,DYRK3,0.01810644267725338
11232,POLG2,0.0015487807157908455
27095,TRAPPC3,0.0010518865857986127
10732,TCFL5,0.010243276914990853
23029,RBM34,-0.021786466919954173
9270,ITGB1BP1,0.022017960870394874
47,ACLY,0.005147815933152829
5889,RAD51C,-0.015311967366270468
8243,SMC1A,-0.008127215244704023
10730,YME1L1,0.006991769043348668
30,ACAA1,-0.009148910623626529
7466,WFS1,-0.011448905930137693
89910,UBE3B,0.017991295650378412
56654,NPDC1,-0.023442867160964092
501,ALDH7A1,0.006114060891071029
5438,POLR2I,-0.008965115472559203
26993,AKAP8L,-0.004598439203260871
55111,PLEKHJ1,0.008733009998041151
8520,HAT1,0.009842552480003895
10146,G3BP1,0.012238164391534065
7165,TPD52L2,-0.024701378462769284
55011,PIH1D1,-0.01705619228484619
6461,SHB,-0.00433611154528674
10813,UTP14A,-0.021330752581295593
80746,TSEN2,-0.00397330163943454
10434,LYPLA1,0.014429920470301644
5607,MAP2K5,-0.026471454475286434
22827,PUF60,-0.006328343768779445
51635,DHRS7,0.002471304144305604
84159,ARID5B,-0.02225248288265901
3508,IGHMBP2,-0.015483040963756562
84890,ADO,0.0077905381622215605
79600,TCTN1,0.001469214727465598
8574,AKR7A2,0.01124097406024162
5529,PPP2R5E,0.00809769656692404
3909,LAMA3,-0.002673930691300329
9637,FEZ2,-0.0030462644899163535
8518,IKBKAP,0.0007873067707752841
6443,SGCB,-0.02161173293143837
58478,ENOPH1,-0.012998682325821282
4850,CNOT4,0.007727539957637607
23210,JMJD6,-0.008298550550874686
54733,SLC35F2,-0.008843087572565222
55129,ANO10,0.018436881126719453
10273,STUB1,0.0038945184955989478
572,BAD,-0.008343149525489913
5716,PSMD10,-0.009407250152475453
22841,RAB11FIP2,-0.010979919008021293
2356,FPGS,0.001307331302137002
6050,RNH1,0.002008643905763586
64422,ATG3,0.0015680359464331844
8837,CFLAR,-0.015084194704295638
55127,HEATR1,0.003664983439736738
23335,WDR7,0.006475387005416361
10270,AKAP8,0.00324817843042493
6509,SLC1A4,0.002868226320068929
83743,GRWD1,-0.0021247120915321295
6772,STAT1,-0.020147504672292364
22887,FOXJ3,0.007916779183956286
51001,MTERF3,-0.005449770681761229
26511,CHIC2,-6.317814934588761e-05
7874,USP7,0.000788607474612742
51070,NOSIP,-0.013476219705723722
1738,DLD,0.002092708663301202
3416,IDE,0.005214572708798054
9128,PRPF4,-0.008779633191704179
9833,MELK,0.023770534557635118
4088,SMAD3,-0.029159339379831603
5018,OXA1L,-0.0033841396673235306
51375,SNX7,-0.014515736017745154
55038,CDCA4,0.02539415304216423
23061,TBC1D9B,0.01089834296367415
64428,NARFL,0.029022951981288188
11325,DDX42,-0.003000325129008205
9641,IKBKE,-0.004919597227912589
23038,WDTC1,-0.0006272180052202667
57048,PLSCR3,0.0020769391308747068
94239,H2AFV,-0.0047295259281970176
51203,NUSAP1,-0.005046211053815628
388650,FAM69A,0.003958029198986179
23039,XPO7,-0.002718998300158694
55179,FAIM,-0.0007861562604074575
5827,PXMP2,-0.012301977673937039
10245,TIMM17B,-0.017025701812131144
6813,STXBP2,-0.011029263670311094
3251,HPRT1,0.01357875130786827
23212,RRS1,0.0003186050662948848
23536,ADAT1,-0.011653050713077486
51282,SCAND1,0.005495338052420759
10227,MFSD10,-0.013355993101139111
50813,COPS7A,0.0033372476998368137
51024,FIS1,0.027058224624700738
53343,NUDT9,-0.00018518108750249665
1465,CSRP1,0.0020364106995100053
79006,METRN,-0.004013862244986077
6988,TCTA,-0.00237340965103612
11011,TLK2,0.007807307642890829
23325,KIAA1033,0.0048926401839888434
10049,DNAJB6,-0.00020066410042016464
3157,HMGCS1,0.010295757006007692
200734,SPRED2,-0.0004177714177945399
9053,MAP7,-0.011941558478702395
79094,CHAC1,0.001459604315863194
2778,GNAS,0.004095508290573062
54881,TEX10,0.0012306289498281659
54807,ZNF586,0.012439654225034277
323,APBB2,0.005752755138976475
26001,RNF167,-5.964744466304371e-05
10190,TXNDC9,0.005789703084475005
9686,VGLL4,-0.00299859593735367
54915,YTHDF1,0.016032157856338238
23658,LSM5,0.01511347667376757
7750,ZMYM2,0.009835958791434708
79643,CHMP6,0.007704924794989633
9488,PIGB,0.01963342169634533
11200,CHEK2,-0.005165317624043619
65057,ACD,-0.012180139771867524
6832,SUPV3L1,-0.011962210028651511
23131,GPATCH8,0.004368029273361674
10776,ARPP19,-0.0031150495435712127
6253,RTN2,0.004156910739750574
79716,NPEPL1,-0.0004985975705150717
29978,UBQLN2,0.008579526767986206
9988,DMTF1,-0.007670751743374669
10845,CLPX,0.0062529904464755925
54957,TXNL4B,-0.0362073550091209
79170,PRR15L,-0.004726118082946345
10610,ST6GALNAC2,-0.017979231102907164
128,ADH5,0.0074013014531696805
51026,GOLT1B,0.0076474985010555035
5498,PPOX,0.003189965892495274
124583,CANT1,-0.03363032226878766
9455,HOMER2,-0.004940137925857495
1212,CLTB,-0.003704211468559656
5255,PHKA1,-0.003077618137628383
9448,MAP4K4,0.014039329864040728
9924,PAN2,-0.00512595432785567
5480,PPIC,-0.008498363021712762
1983,EIF5,-0.0118052198247584
56889,TM9SF3,0.009702069335541713
79080,CCDC86,-0.014339308241047132
9016,SLC25A14,0.002574299950453697
6915,TBXA2R,0.005772504245579901
9709,HERPUD1,-0.0067716938929542215
116832,RPL39L,-0.000580749589148516
670,BPHL,0.010490447080814652
7867,MAPKAPK3,-0.0050376697026610195
79143,MBOAT7,0.016220960758079796
11284,PNKP,-0.0032310649186062736
23443,SLC35A3,0.009424741232154867
51599,LSR,-0.0010323410013552512
5927,KDM5A,-0.009607787686283818
55793,FAM63A,-0.0074449844168966006
5867,RAB4A,-0.0037328637076647015
7866,IFRD2,-0.019600643524853217
25825,BACE2,0.024688283487132038
4067,LYN,0.003774110380364006
51015,ISOC1,0.00428012063443446
5891,MOK,-0.010872771711060946
3300,DNAJB2,-0.018420704656493626
64781,CERK,-0.0030219893851667072
51056,LAP3,-0.002762164474447491
8550,MAPKAPK5,-0.0025397752510617783
50810,HDGFRP3,-0.0076933463756865
23011,RAB21,-0.0036257966866782105
11168,PSIP1,0.015344501187968125
1385,CREB1,0.015222106281528258
10150,MBNL2,0.00669376029014376
29763,PACSIN3,-0.0031180112986144673
9112,MTA1,0.04519834555079327
23499,MACF1,0.02073553969929035
85236,HIST1H2BK,0.007210634167086307
5096,PCCB,-0.017088891342113444
55620,STAP2,-0.006067095430513653
5373,PMM2,-0.008070635099935962
51170,HSD17B11,-0.02202062842712066
54850,FBXL12,0.01783065539907896
80349,WDR61,0.03193257735034114
355,FAS,0.011306909152205804
1062,CENPE,-0.01006281877700106
8804,CREG1,-0.011829902657136631
80758,PRR7,0.01914830567037273
375346,TMEM110,-0.003709443431076078
51385,ZNF589,0.01566936780441569
55748,CNDP2,0.005713993665746941
10318,TNIP1,-0.0020095830111851423
54681,P4HTM,0.004262023498000429
7905,REEP5,-0.0020895669552579315
28969,BZW2,-0.0025041848701974276
10668,CGRRF1,-0.011005129836343682
51005,AMDHD2,0.019100317147735593
8800,PEX11A,-0.017897753963231084
54438,GFOD1,0.0066673400389131564
55825,PECR,-0.01049912346852155
8835,SOCS2,-0.014813959070380404
64429,ZDHHC6,-0.00591872993218179
3682,ITGAE,0.02125628482631323
10329,TMEM5,0.01648754114915806
27109,ATP5S,-0.024846746763464583
51335,NGRN,-0.017975375191554628
3202,HOXA5,-0.033162488455074725
2896,GRN,-0.025897488247984764
79902,NUP85,-0.003254932337880504
29083,GTPBP8,0.010551585255317268
5747,PTK2,0.011322820290513916
22905,EPN2,0.011934394144734708
63933,MCUR1,-0.008141027503758572
9847,C2CD5,0.01700004245255406
51021,MRPS16,-0.004250355382297482
8996,NOL3,0.001423769450278494
7376,NR1H2,0.015768591737872987
5357,PLS1,0.0073282563666226515
56940,DUSP22,-7.311364790870914e-05
6195,RPS6KA1,-0.005486599002799454
1633,DCK,-0.00036455146204202477
23321,TRIM2,-0.002191744176993562
51160,VPS28,-0.00995946329246373
55604,LRRC16A,-0.009215231471940264
2063,NR2F6,-0.006388101697476988
54512,EXOSC4,0.0077784519689990655
9124,PDLIM1,-0.008387741391607199
79174,CRELD2,0.007803903708331945
23223,RRP12,0.002666351463059349
39,ACAT2,0.0014655509740919442
57215,THAP11,0.005272015564521746
1052,CEBPD,0.004633833520417044
23139,MAST2,-0.03041507202414244
79947,DHDDS,0.004869660432054896
4616,GADD45B,0.013183933615675358
9710,KIAA0355,0.004813702645699894
6990,DYNLT3,-0.003912359112195677
29082,CHMP4A,-0.004157196821436526
9670,IPO13,-0.0023674294387737342
81533,ITFG1,0.015096078929608878
10525,HYOU1,0.020572459751886873
2353,FOS,0.01655674374564426
57192,MCOLN1,-0.0038309912657791207
3398,ID2,-0.006819125514661114
3775,KCNK1,0.002836622842377764
26064,RAI14,-0.014840699440860562
29103,DNAJC15,-0.00595103319887721
3206,HOXA10,-0.004875192620622175
1500,CTNND1,-0.007636651553231295
7690,ZNF131,-0.0013901279610074116
29911,HOOK2,-0.0029671053347485646
2064,ERBB2,0.008767991787109667
65123,INTS3,0.009537014054196756
5986,RFNG,0.002838158213676405
85377,MICALL1,0.0006879858563927434
9903,KLHL21,0.000839099724805115
7088,TLE1,-0.006828249628299155
22796,COG2,0.006320267176494806
51116,MRPS2,0.005442171449342794
54442,KCTD5,-0.002325165561808495
10695,CNPY3,-0.01584669420522475
102,ADAM10,0.0008578529819545824
965,CD58,0.03576388516688344
3800,KIF5C,-0.00585960214164365
10362,HMG20B,-0.011240807840557974
5300,PIN1,-0.01312376451321073
8270,LAGE3,-0.021203109846119225
27242,TNFRSF21,-0.0014521030836493302
9928,KIF14,0.010158373063753416
1534,CYB561,0.01075405602370019
5654,HTRA1,-0.004803339154602184
10810,WASF3,-0.004437117811536721
7105,TSPAN6,0.03807259551485577
23014,FBXO21,-0.006369081750864616
55012,PPP2R3C,-0.011338481066587774
2887,GRB10,0.007409317593295673
9183,ZW10,-0.022519893036705773
11151,CORO1A,-2.2376372572516767e-05
7511,XPNPEP1,0.02037667202732339
10046,MAMLD1,0.0020502980399692426
1829,DSG2,-0.009467547304140999
11000,SLC27A3,-0.0055836305563531485
976,ADGRE5,-0.023467209027037018
3597,IL13RA1,-0.009553144070688777
178,AGL,0.00287210925211846
2625,GATA3,-0.0005283895882514867
6119,RPA3,0.0010964489510668649
26136,TES,-0.010025517621278448
6697,SPR,0.005472524308755299
5971,RELB,-0.03426692430407818
22934,RPIA,-0.011039405317371308
9289,ADGRG1,-0.015578324077252426
4931,NVL,-0.0024286252174835375
4200,ME2,-0.0019223648019617966
93594,TBC1D31,0.021056721218654168
5982,RFC2,-0.005074295853575725
26520,TIMM9,-0.00974557143919649
4998,ORC1,0.01686129761489804
10038,PARP2,0.011761882986722507
60493,FASTKD5,0.024905532629897708
51495,HACD3,0.0010115882634362504
4482,MSRA,0.013049132384784225
23224,SYNE2,-0.019405203625099888
9690,UBE3C,-0.0011136603227919616
80212,CCDC92,0.017410355834330146
29928,TIMM22,-0.011589118861270876
22809,ATF5,0.014583662566973086
50814,NSDHL,0.006085948127844145
55256,ADI1,-0.008797719218482802
56997,ADCK3,-0.003625212470093033
81544,GDPD5,0.004516785687739214
6894,TARBP1,-0.025572215652029023
64080,RBKS,-0.009602958889383133
55818,KDM3A,-0.0013950757553343374
637,BID,-0.014234624919706425
22823,MTF2,-0.006043351266107495
5287,PIK3C2B,-0.014025316115229473
91137,SLC25A46,-0.0008574124352489384
23097,CDK19,0.009731359333371683
9851,KIAA0753,0.0177070116026692
23522,KAT6B,-0.01489827219866576
1123,CHN1,-0.005041768241594588
5603,MAPK13,0.011697257604458654
51569,UFM1,-0.012584448641487585
55699,IARS2,0.010786454020730902
2624,GATA2,-0.0019783869586889966
8204,NRIP1,0.0025025160936916055
9133,CCNB2,0.008873033149279664
10921,RNPS1,-0.007037515575136876
51742,ARID4B,-0.006080280562648167
2954,GSTZ1,0.016402719932707376
27244,SESN1,-0.008378041662718286
23013,SPEN,0.0021398202496130223
8050,PDHX,-0.015062657960922357
79961,DENND2D,0.005083145894545924
2017,CTTN,0.0024780349210175435
55148,UBR7,-0.004782544352373708
960,CD44,-0.0070920763722996764
10451,VAV3,-0.006580551670920235
57406,ABHD6,-0.006468290131702895
51719,CAB39,-0.006873769910188435
7074,TIAM1,0.009815687875466939
10059,DNM1L,0.007673904462134193
51071,DERA,-0.014683502771134959
5796,PTPRK,-0.017374178676230267
55008,HERC6,-0.015457714711302629
23597,ACOT9,-0.005507291512246099
8869,ST3GAL5,-0.0074746726401582605
8727,CTNNAL1,-0.004829289580349022
63874,ABHD4,-0.0031432846512176957
8821,INPP4B,-0.000672799640889476
57178,ZMIZ1,0.012839237436669149
5468,PPARG,0.010664645871259393
10557,RPP38,-0.0005564575602021311
831,CAST,-0.009765462780456903
9531,BAG3,0.00018418688435213812
2767,GNA11,-0.003064564721168026
1861,TOR1A,-0.00682832697960365
10165,SLC25A13,0.019634046696434815
7106,TSPAN4,-0.00789872168624049
2908,NR3C1,0.0006659485214825035
57761,TRIB3,0.016068838152218577
23338,JADE2,-0.020450105439170564
7852,CXCR4,-0.007464437059195172
55033,FKBP14,-0.014543283744419018
57019,CIAPIN1,-0.0046633037394595974
91949,COG7,-0.014454369988855215
84617,TUBB6,0.017173220361569205
25,ABL1,0.010456185266512373
899,CCNF,0.00944750479427762
79850,FAM57A,0.01791593823158069
51466,EVL,0.003108566119769865
2852,GPER1,-0.0015411771406868074
55837,EAPP,0.015651145660475443
2131,EXT1,-0.010644908521249953
5427,POLE2,0.008561037891314712
25966,C2CD2,-0.0003962515706576741
55608,ANKRD10,-0.0075565773594136595
1662,DDX10,-0.004645820116595214
9702,CEP57,0.010320329920841658
11031,RAB31,-0.0004142156353611328
10057,ABCC5,-0.004089187928253834
5985,RFC5,0.005184181764864939
3280,HES1,-0.007768763181094918
55958,KLHL9,0.004112184258898647
51465,UBE2J1,0.0020983491995356053
2542,SLC37A4,0.016629255872800192
10641,NPRL2,-0.010389353769346125
11137,PWP1,-0.0013385241348063887
9842,PLEKHM1,-0.0015785926394282024
10493,VAT1,-0.0013416282567285428
10112,KIF20A,0.0020144963411587733
1001,CDH3,-0.007389921582145038
23635,SSBP2,-0.007610985117855414
29916,SNX11,0.00010870151327527583
2810,SFN,0.0067275456819878105
5993,RFX5,0.005598801470390421
11142,PKIG,-0.0018945625868816952
79187,FSD1,-0.004145373251312604
51382,ATP6V1D,0.015616075229481016
8318,CDC45,0.017241383516925477
9695,EDEM1,-0.01143394235746458
9712,USP6NL,0.0068695979859413475
64943,NT5DC2,0.018372521517999087
9738,CCP110,0.008307239968136324
6793,STK10,-0.0034008709061642654
7358,UGDH,-0.003624202394102181
58472,SQRDL,-0.006388198980928111
50865,HEBP1,0.010327042461296268
23200,ATP11B,0.0011463542798911199
51293,CD320,0.005162112750343095
10962,MLLT11,0.005065793115799556
10153,CEBPZ,-0.004982394667131535
874,CBR3,-0.01913042710734965
INTERCEPT,-0.559030373690314,-0.559030373690314
